{
"lengthUnit": "mil",
"components": {
	"fields": ["COMPONENT_NO", "COMPONENT_NAME", "LAYER", "X_COORDINATE", "Y_COORDINATE", "ANGLE"],
	"rows": [
		[1, "C1", "T", 2445, 1625, 0],
		[2, "CARD1", "T", 2010, 1435, 270],
		[3, "CD", "T", 3220, 1165, 180],
		[4, "FPC1", "T", 1390, 1350, 180],
		[5, "ODE", "T", 2455, 1165, 180],
		[6, "R1", "T", 2445, 1465, 0],
		[7, "R2", "T", 2445, 1545, 0],
		[8, "SW1", "T", 2845, 1535, 0],
		[9, "SW2", "T", 1400, 1185, 180],
		[10, "SW3", "T", 2845, 1140, 0],
		[11, "PAD1", "T", 2395, 1370, 0],
		[12, "PAD2", "T", 2510, 1370, 0],
		[13, "PAD3", "T", 3165, 1370, 0],
		[14, "PAD4", "T", 3280, 1370, 0],
		[15, "PAD5", "T", 2661.93, 1400, 0],
		[16, "PAD6", "T", 2845, 1400, 0],
		[17, "PAD7", "T", 3028.07, 1400, 0],
		[18, "PAD8", "T", 2610, 1690, 0],
		[19, "PAD9", "T", 1275, 1500, 0],
		[20, "PAD10", "T", 1330, 1500, 0],
		[21, "PAD11", "T", 1430, 1495, 0],
		[22, "PAD12", "T", 1380, 1495, 0],
		[23, "PAD13", "T", 1487.13, 1462.13, 0],
		[24, "PAD14", "T", 1480, 1395, 0],
		[25, "PAD15", "T", 1670, 1380, 0],
		[26, "PAD16", "T", 1665, 1325, 0],
		[27, "PAD17", "T", 1570, 1220, 0],
		[28, "PAD18", "T", 1640, 1220, 0],
		[29, "PAD19", "T", 2660, 1690, 0]
	]
},
"pins": {
	"fields": ["PIN_NO", "PIN_NAME", "PIN_X", "PIN_Y", "LAYER", "PIN_TYPE", "NET_NAME", "NET_TYPE", "PAD_SHAPE", "PAD_SIZEX", "PAD_SIZEY", "HOLE_SIZE", "PAD_ANGLE"],
	"rows": [
		[1, "C1_1", 2405.63, 1625, "T", "SMD", "GND", "GND", "R", 55.51, 53.15, 0, 0],
		[2, "C1_2", 2484.37, 1625, "T", "SMD", "$1N740", "", "R", 55.51, 53.15, 0, 0],
		[3, "CARD1_1", 2106.45, 1641.75, "T", "SMD", "$1N781", "", "R", 63, 27.6, 0, 270],
		[4, "CARD1_2", 2063.15, 1641.75, "T", "SMD", "$1N787", "", "R", 63, 27.6, 0, 270],
		[5, "CARD1_3", 2019.84, 1641.75, "T", "SMD", "$1N794", "", "R", 63, 27.6, 0, 270],
		[6, "CARD1_4", 1976.53, 1641.75, "T", "SMD", "$1N740", "", "R", 63, 27.6, 0, 270],
		[7, "CARD1_5", 1933.23, 1641.75, "T", "SMD", "$1N836", "", "R", 63, 27.6, 0, 270],
		[8, "CARD1_6", 1889.92, 1641.75, "T", "SMD", "GND", "GND", "R", 63, 27.6, 0, 270],
		[9, "CARD1_7", 1846.61, 1641.75, "T", "SMD", "$1N857", "", "R", 63, 27.6, 0, 270],
		[10, "CARD1_8", 1803.3, 1641.75, "T", "SMD", "$1N862", "", "R", 63, 27.6, 0, 270],
		[11, "CARD1_9", 1760, 1641.75, "T", "SMD", "NET1", "", "R", 63, 27.6, 0, 270],
		[12, "CARD1_10", 1695.04, 1608.17, "T", "SMD", "GND", "GND", "R", 63, 70.87, 0, 270],
		[13, "CARD1_11", 1710.78, 1228.25, "T", "SMD", "GND", "GND", "R", 94.49, 62.99, 0, 270],
		[14, "CARD1_12", 2324.96, 1228.25, "T", "SMD", "GND", "GND", "R", 94.49, 62.99, 0, 270],
		[15, "CARD1_13", 2291.51, 1608.15, "T", "SMD", "GND", "GND", "R", 55.1, 70.9, 0, 270],
		[16, "CD_1", 3178.65, 1165, "T", "SMD", "$1N3264", "", "R", 39.37, 55.1, 0, 0],
		[17, "CD_2", 3261.35, 1165, "T", "SMD", "$1N746", "", "R", 39.37, 55.1, 0, 0],
		[18, "FPC1_1", 1498.28, 1297.22, "T", "SMD", "$1N1258", "", "R", 11.81, 51.18, 0, 180],
		[19, "FPC1_2", 1478.63, 1297.22, "T", "SMD", "$1N2264", "", "R", 11.81, 51.18, 0, 180],
		[20, "FPC1_3", 1458.93, 1297.22, "T", "SMD", "$1N781", "", "R", 11.81, 51.18, 0, 180],
		[21, "FPC1_4", 1439.23, 1297.22, "T", "SMD", "$1N787", "", "R", 11.81, 51.18, 0, 180],
		[22, "FPC1_5", 1419.53, 1297.22, "T", "SMD", "$1N794", "", "R", 11.81, 51.18, 0, 180],
		[23, "FPC1_6", 1399.83, 1297.22, "T", "SMD", "$1N740", "", "R", 11.81, 51.18, 0, 180],
		[24, "FPC1_7", 1380.13, 1297.22, "T", "SMD", "$1N740", "", "R", 11.81, 51.18, 0, 180],
		[25, "FPC1_8", 1360.48, 1297.22, "T", "SMD", "GND", "GND", "R", 11.81, 51.18, 0, 180],
		[26, "FPC1_9", 1340.83, 1297.22, "T", "SMD", "$1N836", "", "R", 11.81, 51.18, 0, 180],
		[27, "FPC1_10", 1321.13, 1297.22, "T", "SMD", "GND", "GND", "R", 11.81, 51.18, 0, 180],
		[28, "FPC1_11", 1301.43, 1297.22, "T", "SMD", "$1N857", "", "R", 11.81, 51.18, 0, 180],
		[29, "FPC1_12", 1281.73, 1297.22, "T", "SMD", "$1N862", "", "R", 11.81, 51.18, 0, 180],
		[30, "FPC1_13", 1565.2, 1402.75, "T", "SMD", "GND", "GND", "R", 78.74, 62.99, 0, 180],
		[31, "FPC1_14", 1214.8, 1402.78, "T", "SMD", "GND", "GND", "R", 78.74, 62.99, 0, 0],
		[32, "ODE_1", 2413.65, 1165, "T", "SMD", "$1N2329", "", "R", 39.37, 55.1, 0, 0],
		[33, "ODE_2", 2496.35, 1165, "T", "SMD", "$1N857", "", "R", 39.37, 55.1, 0, 0],
		[34, "R1_1", 2405.63, 1465, "T", "SMD", "$1N2329", "", "R", 44.59, 54.21, 0, 0],
		[35, "R1_2", 2484.37, 1465, "T", "SMD", "$1N740", "", "R", 44.59, 54.21, 0, 0],
		[36, "R2_1", 2405.63, 1545, "T", "SMD", "$1N3264", "", "R", 44.59, 54.21, 0, 0],
		[37, "R2_2", 2484.37, 1545, "T", "SMD", "$1N740", "", "R", 44.59, 54.21, 0, 0],
		[38, "SW1_1", 2661.93, 1508.62, "T", "SMD", "$1N1258", "", "O", 118.11, 196.85, 0, 0],
		[39, "SW1_2", 2845.01, 1508.62, "T", "SMD", "GND", "GND", "O", 118.11, 196.85, 0, 0],
		[40, "SW1_3", 3028.07, 1508.62, "T", "SMD", "$1N746", "", "O", 118.11, 196.85, 0, 0],
		[41, "SW2_1", 1466.93, 1224.37, "T", "SMD", "$1N2264", "", "R", 35.43, 31.5, 0, 0],
		[42, "SW2_2", 1333.08, 1224.37, "T", "SMD", "GND", "GND", "R", 35.43, 31.5, 0, 0],
		[43, "SW2_3", 1490.56, 1145.63, "T", "SMD", "GND", "GND", "R", 23.62, 47.24, 0, 0],
		[44, "SW2_4", 1309.45, 1145.63, "T", "SMD", "GND", "GND", "R", 23.62, 47.24, 0, 0],
		[45, "SW3_1", 2756.41, 1202.34, "T", "SMD", "$1N1258", "", "R", 35.43, 70.87, 0, 0],
		[46, "SW3_2", 2874.52, 1202.34, "T", "SMD", "GND", "GND", "R", 35.43, 70.87, 0, 0],
		[47, "SW3_3", 2933.58, 1202.34, "T", "SMD", "$1N746", "", "R", 35.43, 70.87, 0, 0],
		[48, "SW3_4", 2994.61, 1167.03, "T", "SMD", "GND", "GND", "R", 43.31, 36.61, 0, 0],
		[49, "SW3_5", 2994.61, 1077.66, "T", "SMD", "GND", "GND", "R", 43.31, 36.61, 0, 0],
		[50, "SW3_6", 2695.39, 1077.66, "T", "SMD", "GND", "GND", "R", 43.31, 36.61, 0, 0],
		[51, "SW3_7", 2695.39, 1167.03, "T", "SMD", "GND", "GND", "R", 43.31, 36.61, 0, 0],
		[52, "PAD1_1", 2395, 1370, "T", "SMD", "$1N2329", "", "O", 59.06, 78.74, 0, 0],
		[53, "PAD2_1", 2510, 1370, "T", "SMD", "$1N857", "", "O", 59.06, 78.74, 0, 0],
		[54, "PAD3_2", 3165, 1370, "T", "SMD", "$1N3264", "", "O", 59.06, 78.74, 0, 0],
		[55, "PAD4_3", 3280, 1370, "T", "SMD", "$1N746", "", "O", 59.06, 78.74, 0, 0],
		[56, "PAD5_1", 2661.93, 1400, "T", "SMD", "$1N1258", "", "R", 118.11, 118.11, 0, 0],
		[57, "PAD6_1", 2845, 1400, "T", "SMD", "GND", "GND", "R", 118.11, 118.11, 0, 0],
		[58, "PAD7_2", 3028.07, 1400, "T", "SMD", "$1N746", "", "R", 118.11, 118.11, 0, 0],
		[59, "PAD8_1", 2610, 1690, "T", "SMD", "NET1", "", "R", 39.37, 59.06, 0, 180],
		[60, "PAD9_1", 1275, 1500, "T", "SMD", "$1N862", "", "C", 39.37, 39.37, 0, 0],
		[61, "PAD10_1", 1330, 1500, "T", "SMD", "$1N857", "", "C", 39.37, 39.37, 0, 0],
		[62, "PAD11_2", 1430, 1495, "T", "SMD", "$1N836", "", "C", 39.37, 39.37, 0, 0],
		[63, "PAD12_1", 1380, 1495, "T", "SMD", "GND", "GND", "C", 39.37, 39.37, 0, 0],
		[64, "PAD13_1", 1487.13, 1462.13, "T", "SMD", "$1N740", "", "C", 39.37, 39.37, 0, 0],
		[65, "PAD14_2", 1480, 1395, "T", "SMD", "$1N794", "", "C", 39.37, 39.37, 0, 0],
		[66, "PAD15_1", 1670, 1380, "T", "SMD", "$1N787", "", "C", 39.37, 39.37, 0, 0],
		[67, "PAD16_1", 1665, 1325, "T", "SMD", "$1N781", "", "C", 39.37, 39.37, 0, 0],
		[68, "PAD17_1", 1570, 1220, "T", "SMD", "$1N2264", "", "C", 39.37, 39.37, 0, 0],
		[69, "PAD18_1", 1640, 1220, "T", "SMD", "$1N1258", "", "C", 39.37, 39.37, 0, 0],
		[70, "PAD19_1", 2660, 1690, "T", "SMD", "$1N1258", "", "R", 39.37, 59.06, 0, 0]
	]
}
}