{
"lengthUnit": "mil",
"components": {
	"fields": ["COMPONENT_NO", "COMPONENT_NAME", "LAYER", "X_COORDINATE", "Y_COORDINATE", "ANGLE"],
	"rows": [
		[1, "CN1", "B", 921.26, 66.93, 0],
		[2, "FPC1", "B", 507.87, -155.51, 0],
		[3, "Q1", "B", 828.74, -118.11, 180],
		[4, "R1", "B", 889.76, -273.62, 180],
		[5, "R1", "B", 1104.33, -131.89, 270],
		[6, "R1", "B", 889.76, -405.51, 270],
		[7, "R1", "B", 309.05, -405.51, 270],
		[8, "R1N1", "B", 206.69, -131.89, 270],
		[9, "R2", "B", 772.69, -273.62, 180],
		[10, "R3", "B", 656.29, -273.62, 180],
		[11, "R4", "B", 539.89, -273.62, 180],
		[12, "R5", "B", 423.49, -273.62, 180],
		[13, "R6", "B", 307.09, -273.62, 180],
		[14, "R7", "B", 828.74, -214.57, 180],
		[15, "TF", "T", 393.7, 314.96, 0],
		[16, "PAD1", "T", 1035.39, -213.37, 0],
		[17, "PAD2", "T", 935.94, -335.59, 0],
		[18, "PAD3", "T", 836.58, -335.59, 0],
		[19, "PAD4", "T", 635.94, -341.5, 0],
		[20, "PAD5", "T", 535.94, -335.59, 0],
		[21, "PAD6", "T", 435.94, -335.59, 0],
		[22, "PAD7", "T", 340.94, -335.59, 0],
		[23, "PAD8", "T", 259.84, -335.59, 0]
	]
},
"pins": {
	"fields": ["PIN_NO", "PIN_NAME", "PIN_X", "PIN_Y", "LAYER", "PIN_TYPE", "NET_NAME", "NET_TYPE", "PAD_SHAPE", "PAD_SIZEX", "PAD_SIZEY", "HOLE_SIZE", "PAD_ANGLE"],
	"rows": [
		[1, "CN1_1", 896.65, 17.71, "B", "SMD", "CN1_1", "", "R", 27.56, 66.93, 0, 0],
		[2, "CN1_2", 945.86, 17.71, "B", "SMD", "CN1_2", "", "R", 27.56, 66.93, 0, 0],
		[3, "CN1_3", 1042.32, 116.14, "B", "SMD", "GND", "GND", "R", 70.87, 98.42, 0, 0],
		[4, "CN1_4", 800.19, 116.14, "B", "SMD", "GND", "GND", "R", 70.87, 98.42, 0, 0],
		[5, "FPC1_1", 399.59, -208.29, "B", "SMD", "DAT1", "", "R", 11.81, 51.18, 0, 0],
		[6, "FPC1_2", 419.24, -208.29, "B", "SMD", "DAT0", "", "R", 11.81, 51.18, 0, 0],
		[7, "FPC1_3", 438.94, -208.29, "B", "SMD", "GND", "GND", "R", 11.81, 51.18, 0, 0],
		[8, "FPC1_4", 458.64, -208.29, "B", "SMD", "CLK", "", "R", 11.81, 51.18, 0, 0],
		[9, "FPC1_5", 478.34, -208.29, "B", "SMD", "GND", "GND", "R", 11.81, 51.18, 0, 0],
		[10, "FPC1_6", 498.04, -208.29, "B", "SMD", "VDD", "", "R", 11.81, 51.18, 0, 0],
		[11, "FPC1_7", 517.74, -208.29, "B", "SMD", "VDD", "", "R", 11.81, 51.18, 0, 0],
		[12, "FPC1_8", 537.39, -208.29, "B", "SMD", "CMD", "", "R", 11.81, 51.18, 0, 0],
		[13, "FPC1_9", 557.04, -208.29, "B", "SMD", "DAT3", "", "R", 11.81, 51.18, 0, 0],
		[14, "FPC1_10", 576.74, -208.29, "B", "SMD", "DAT2", "", "R", 11.81, 51.18, 0, 0],
		[15, "FPC1_11", 596.44, -208.29, "B", "SMD", "FPC1_11", "", "R", 11.81, 51.18, 0, 0],
		[16, "FPC1_12", 616.14, -208.29, "B", "SMD", "FPC1_12", "", "R", 11.81, 51.18, 0, 0],
		[17, "FPC1_13", 332.67, -102.76, "B", "SMD", "GND", "GND", "R", 78.74, 62.99, 0, 0],
		[18, "FPC1_14", 683.07, -102.74, "B", "SMD", "GND", "GND", "R", 78.74, 62.99, 0, 180],
		[19, "Q1_1", 780.11, -155.51, "B", "SMD", "Q1_1", "", "R", 42.13, 23.62, 0, 180],
		[20, "Q1_2", 780.11, -80.71, "B", "SMD", "GND", "GND", "R", 42.13, 23.62, 0, 180],
		[21, "Q1_3", 877.36, -118.11, "B", "SMD", "Q1_3", "", "R", 42.13, 23.62, 0, 180],
		[22, "R1_1", 919.42, -273.62, "B", "SMD", "VDD", "", "R", 31.75, 34.02, 0, 180],
		[23, "R1_2", 860.1, -273.62, "B", "SMD", "DAT2", "", "R", 31.75, 34.02, 0, 180],
		[24, "R1_1", 1104.33, -102.23, "B", "SMD", "GND", "GND", "R", 31.75, 34.02, 0, 270],
		[25, "R1_2", 1104.33, -161.55, "B", "SMD", "GND", "GND", "R", 31.75, 34.02, 0, 270],
		[26, "R1_1", 889.76, -375.85, "B", "SMD", "GND", "GND", "R", 31.75, 34.02, 0, 270],
		[27, "R1_2", 889.76, -435.17, "B", "SMD", "GND", "GND", "R", 31.75, 34.02, 0, 270],
		[28, "R1_1", 309.05, -375.85, "B", "SMD", "GND", "GND", "R", 31.75, 34.02, 0, 270],
		[29, "R1_2", 309.05, -435.17, "B", "SMD", "GND", "GND", "R", 31.75, 34.02, 0, 270],
		[30, "R1N1_1", 206.69, -102.23, "B", "SMD", "GND", "GND", "R", 31.75, 34.02, 0, 270],
		[31, "R1N1_2", 206.69, -161.55, "B", "SMD", "GND", "GND", "R", 31.75, 34.02, 0, 270],
		[32, "R2_1", 802.35, -273.62, "B", "SMD", "VDD", "", "R", 31.75, 34.02, 0, 180],
		[33, "R2_2", 743.03, -273.62, "B", "SMD", "DAT3", "", "R", 31.75, 34.02, 0, 180],
		[34, "R3_1", 685.95, -273.62, "B", "SMD", "VDD", "", "R", 31.75, 34.02, 0, 180],
		[35, "R3_2", 626.63, -273.62, "B", "SMD", "CMD", "", "R", 31.75, 34.02, 0, 180],
		[36, "R4_1", 569.55, -273.62, "B", "SMD", "VDD", "", "R", 31.75, 34.02, 0, 180],
		[37, "R4_2", 510.23, -273.62, "B", "SMD", "CLK", "", "R", 31.75, 34.02, 0, 180],
		[38, "R5_1", 453.15, -273.62, "B", "SMD", "VDD", "", "R", 31.75, 34.02, 0, 180],
		[39, "R5_2", 393.83, -273.62, "B", "SMD", "DAT0", "", "R", 31.75, 34.02, 0, 180],
		[40, "R6_1", 336.75, -273.62, "B", "SMD", "VDD", "", "R", 31.75, 34.02, 0, 180],
		[41, "R6_2", 277.43, -273.62, "B", "SMD", "DAT1", "", "R", 31.75, 34.02, 0, 180],
		[42, "R7_1", 858.4, -214.57, "B", "SMD", "VDD", "", "R", 31.75, 34.02, 0, 180],
		[43, "R7_2", 799.08, -214.57, "B", "SMD", "R7_2", "", "R", 31.75, 34.02, 0, 180],
		[44, "TF_1", 267.72, 529.53, "T", "SMD", "DAT2", "", "R", 31.5, 114.17, 0, 0],
		[45, "TF_2", 311.02, 529.53, "T", "SMD", "DAT3", "", "R", 31.5, 114.17, 0, 0],
		[46, "TF_3", 354.33, 529.53, "T", "SMD", "CMD", "", "R", 31.5, 114.17, 0, 0],
		[47, "TF_4", 397.64, 535.43, "T", "SMD", "VDD", "", "R", 31.5, 125.98, 0, 0],
		[48, "TF_5", 440.94, 529.53, "T", "SMD", "CLK", "", "R", 31.5, 114.17, 0, 0],
		[49, "TF_6", 484.26, 535.43, "T", "SMD", "GND", "GND", "R", 31.5, 125.98, 0, 0],
		[50, "TF_7", 527.56, 529.53, "T", "SMD", "DAT0", "", "R", 31.5, 114.17, 0, 0],
		[51, "TF_8", 570.87, 529.53, "T", "SMD", "DAT1", "", "R", 31.5, 114.17, 0, 0],
		[52, "PAD1_1", 1035.39, -213.37, "T", "SMD", "DAT2", "", "R", 78.74, 220.47, 0, 0],
		[53, "PAD2_1", 935.94, -335.59, "T", "SMD", "DAT3", "", "R", 78.74, 204.72, 0, 0],
		[54, "PAD3_1", 836.58, -335.59, "T", "SMD", "CMD", "", "R", 78.74, 204.72, 0, 0],
		[55, "PAD4_3", 635.94, -341.5, "T", "SMD", "VDD", "", "R", 78.74, 220.47, 0, 0],
		[56, "PAD5_4", 535.94, -335.59, "T", "SMD", "CLK", "", "R", 78.74, 204.72, 0, 0],
		[57, "PAD6_5", 435.94, -335.59, "T", "SMD", "GND", "GND", "R", 78.74, 204.72, 0, 0],
		[58, "PAD7_6", 340.94, -335.59, "T", "SMD", "DAT0", "", "R", 68.9, 204.72, 0, 0],
		[59, "PAD8_1", 259.84, -335.59, "T", "SMD", "DAT1", "", "R", 59.06, 204.72, 0, 0]
	]
}
}